{
    "metrics": {
        "http_req_blocked": {
            "min": 680.8519,
            "med": 2729.8262999999997,
            "max": 3680.5422,
            "p(90)": 3482.76734,
            "p(95)": 3540.760675,
            "avg": 2793.37430945
        },
        "http_req_failed": {
            "passes": 0,
            "fails": 12000,
            "value": 0
        },
        "checks": {
            "passes": 12000,
            "fails": 132000,
            "value": 0.08333333333333333
        },
        "iteration_duration": {
            "min": 2519.478,
            "med": 5375.4372,
            "max": 6433.6887,
            "p(90)": 5834.35054,
            "p(95)": 5949.618975,
            "avg": 5331.393024574984
        },
        "http_req_tls_handshaking": {
            "avg": 1752.7082921499932,
            "min": 4.9995,
            "med": 1662.7683499999998,
            "max": 2662.9084,
            "p(90)": 2529.28288,
            "p(95)": 2569.35097
        },
        "vus": {
            "value": 425,
            "min": 0,
            "max": 12000
        },
        "iterations": {
            "count": 12000,
            "rate": 1793.554011720726
        },
        "http_req_waiting": {
            "p(90)": 2514.91881,
            "p(95)": 2732.180289999998,
            "avg": 1529.8408177583242,
            "min": 6.9954,
            "med": 1455.3166999999999,
            "max": 3521.1003
        },
        "data_received": {
            "count": 69005886,
            "rate": 10313815.305636924
        },
        "http_reqs": {
            "rate": 1793.554011720726,
            "count": 12000
        },
        "http_req_duration{expected_response:true}": {
            "min": 7.0063,
            "med": 1457.8933,
            "max": 3521.2598,
            "p(90)": 2516.90605,
            "p(95)": 2735.6752299999985,
            "avg": 1531.4400810666582
        },
        "http_req_connecting": {
            "avg": 1003.5935175416624,
            "min": 179.4347,
            "med": 1035.2292,
            "max": 2666.2342,
            "p(90)": 1109.21124,
            "p(95)": 1112.3061
        },
        "http_req_sending": {
            "max": 44.7199,
            "p(90)": 1.0021,
            "p(95)": 1.007905,
            "avg": 0.5640706416666652,
            "min": 0,
            "med": 0
        },
        "vus_max": {
            "value": 12000,
            "min": 3520,
            "max": 12000
        },
        "http_req_duration": {
            "avg": 1531.4400810666582,
            "min": 7.0063,
            "med": 1457.8933,
            "max": 3521.2598,
            "p(90)": 2516.90605,
            "p(95)": 2735.6752299999985
        },
        "http_req_receiving": {
            "max": 41.7862,
            "p(90)": 2.456350000000002,
            "p(95)": 4.005514999999999,
            "avg": 1.035192666666664,
            "min": 0,
            "med": 0.9955
        },
        "data_sent": {
            "count": 49572894,
            "rate": 7409305.242192193
        }
    },
    "root_group": {
        "name": "",
        "path": "",
        "id": "d41d8cd98f00b204e9800998ecf8427e",
        "groups": {},
        "checks": {
                "200 OK": {
                    "fails": 0,
                    "name": "200 OK",
                    "path": "::200 OK",
                    "id": "e9654c443eff553da9e69eda7007924e",
                    "passes": 12000
                },
                "201 Created": {
                    "name": "201 Created",
                    "path": "::201 Created",
                    "id": "728dcd977aae263ca314731145e1d447",
                    "passes": 0,
                    "fails": 12000
                },
                "204 No Content": {
                    "id": "54fa3c2eda34e1622fda2da5e0479fc5",
                    "passes": 0,
                    "fails": 12000,
                    "name": "204 No Content",
                    "path": "::204 No Content"
                },
                "400 Bad Request": {
                    "name": "400 Bad Request",
                    "path": "::400 Bad Request",
                    "id": "eeae81934b9b58bccaf0184a6d070338",
                    "passes": 0,
                    "fails": 12000
                },
                "401 Unauthorized": {
                    "name": "401 Unauthorized",
                    "path": "::401 Unauthorized",
                    "id": "6ae9254e6aefe7f0bafe5102fa7e20a5",
                    "passes": 0,
                    "fails": 12000
                },
                "403 Forbidden": {
                    "name": "403 Forbidden",
                    "path": "::403 Forbidden",
                    "id": "655548b761742c5a7ad15aa7df3a5d9c",
                    "passes": 0,
                    "fails": 12000
                },
                "404 Not Found": {
                    "name": "404 Not Found",
                    "path": "::404 Not Found",
                    "id": "df1528f9925ca236bac51008f77b774a",
                    "passes": 0,
                    "fails": 12000
                },
                "429 Too Many Requests": {
                    "name": "429 Too Many Requests",
                    "path": "::429 Too Many Requests",
                    "id": "b810c35b9499cc7342fd415032e3a6aa",
                    "passes": 0,
                    "fails": 12000
                },
                "500 Internal Server Error": {
                    "fails": 12000,
                    "name": "500 Internal Server Error",
                    "path": "::500 Internal Server Error",
                    "id": "3cd96245b24e869810efe46d533b0eef",
                    "passes": 0
                },
                "502 Bad Gateway": {
                    "name": "502 Bad Gateway",
                    "path": "::502 Bad Gateway",
                    "id": "712cb0ec189a11f31f0d6d0c0031b569",
                    "passes": 0,
                    "fails": 12000
                },
                "503 Service Unavailable": {
                    "passes": 0,
                    "fails": 12000,
                    "name": "503 Service Unavailable",
                    "path": "::503 Service Unavailable",
                    "id": "f1ea1a22be0dc738c385523a66ea1cd9"
                },
                "504 Gateway Timeout": {
                    "name": "504 Gateway Timeout",
                    "path": "::504 Gateway Timeout",
                    "id": "218efb729cb654723ccd57c6ebbebe29",
                    "passes": 0,
                    "fails": 12000
                }
            }
    }
}