{
    "metrics": {
        "data_sent": {
            "count": 10535760,
            "rate": 74227.05921694776
        },
        "iterations": {
            "rate": 105.67874441466172,
            "count": 15000
        },
        "data_received": {
            "count": 129261783,
            "rate": 910681.5285493643
        },
        "http_req_sending": {
            "p(95)": 1.0014,
            "avg": 0.2811130599999994,
            "min": 0,
            "med": 0,
            "max": 64.0543,
            "p(90)": 0.9997
        },
        "http_req_tls_handshaking": {
            "p(95)": 3933.42308,
            "avg": 2201.745874160002,
            "min": 0,
            "med": 1396.0567,
            "max": 131092.4641,
            "p(90)": 3347.7067400000005
        },
        "iteration_duration": {
            "p(90)": 15001.106750000003,
            "p(95)": 19430.282179999987,
            "avg": 8261.360298000043,
            "min": 3074.017,
            "med": 5970.2117,
            "max": 141179.694
        },
        "http_req_blocked": {
            "avg": 3375.454707713338,
            "min": 0,
            "med": 2503.2415,
            "max": 135355.9091,
            "p(90)": 4595.53812,
            "p(95)": 5265.482919999997
        },
        "http_req_connecting": {
            "max": 9188.7189,
            "p(90)": 1157.6791,
            "p(95)": 1179.4149,
            "avg": 1175.9181116400046,
            "min": 0,
            "med": 1086.9369
        },
        "vus": {
            "value": 5,
            "min": 0,
            "max": 15000
        },
        "http_req_receiving": {
            "avg": 3.5037040600000093,
            "min": 0,
            "med": 0.57575,
            "max": 5337.729,
            "p(90)": 3.9822,
            "p(95)": 5.995609999999999
        },
        "http_req_waiting": {
            "min": 0,
            "med": 2090.4694,
            "max": 35027.5543,
            "p(90)": 8838.046850000002,
            "p(95)": 11861.34976999999,
            "avg": 3656.6580176333327
        },
        "vus_max": {
            "value": 15000,
            "min": 4572,
            "max": 15000
        },
        "http_reqs": {
            "count": 15000,
            "rate": 105.67874441466172
        },
        "http_req_failed": {
            "passes": 176,
            "fails": 14824,
            "value": 0.011733333333333333
        },
        "http_req_duration{expected_response:true}": {
            "min": 7.2451,
            "med": 2100.24775,
            "max": 35028.5986,
            "p(90)": 8827.365910000002,
            "p(95)": 11895.330989999999,
            "avg": 3673.068414962215
        },
        "checks": {
            "fails": 165124,
            "passes": 14876,
            "value": 0.08264444444444445
        },
        "http_req_duration": {
            "avg": 3660.442834753324,
            "min": 0,
            "med": 2092.67395,
            "max": 35028.5986,
            "p(90)": 8846.5499,
            "p(95)": 11894.109069999999
        }
    },
    "root_group": {
        "name": "",
        "path": "",
        "id": "d41d8cd98f00b204e9800998ecf8427e",
        "groups": {},
        "checks": {
                "200 OK": {
                    "name": "200 OK",
                    "path": "::200 OK",
                    "id": "e9654c443eff553da9e69eda7007924e",
                    "passes": 14824,
                    "fails": 176
                },
                "201 Created": {
                    "name": "201 Created",
                    "path": "::201 Created",
                    "id": "728dcd977aae263ca314731145e1d447",
                    "passes": 0,
                    "fails": 15000
                },
                "204 No Content": {
                    "fails": 15000,
                    "name": "204 No Content",
                    "path": "::204 No Content",
                    "id": "54fa3c2eda34e1622fda2da5e0479fc5",
                    "passes": 0
                },
                "400 Bad Request": {
                    "name": "400 Bad Request",
                    "path": "::400 Bad Request",
                    "id": "eeae81934b9b58bccaf0184a6d070338",
                    "passes": 0,
                    "fails": 15000
                },
                "401 Unauthorized": {
                    "id": "6ae9254e6aefe7f0bafe5102fa7e20a5",
                    "passes": 0,
                    "fails": 15000,
                    "name": "401 Unauthorized",
                    "path": "::401 Unauthorized"
                },
                "403 Forbidden": {
                    "name": "403 Forbidden",
                    "path": "::403 Forbidden",
                    "id": "655548b761742c5a7ad15aa7df3a5d9c",
                    "passes": 0,
                    "fails": 15000
                },
                "404 Not Found": {
                    "name": "404 Not Found",
                    "path": "::404 Not Found",
                    "id": "df1528f9925ca236bac51008f77b774a",
                    "passes": 0,
                    "fails": 15000
                },
                "429 Too Many Requests": {
                    "id": "b810c35b9499cc7342fd415032e3a6aa",
                    "passes": 0,
                    "fails": 15000,
                    "name": "429 Too Many Requests",
                    "path": "::429 Too Many Requests"
                },
                "500 Internal Server Error": {
                    "name": "500 Internal Server Error",
                    "path": "::500 Internal Server Error",
                    "id": "3cd96245b24e869810efe46d533b0eef",
                    "passes": 0,
                    "fails": 15000
                },
                "502 Bad Gateway": {
                    "id": "712cb0ec189a11f31f0d6d0c0031b569",
                    "passes": 52,
                    "fails": 14948,
                    "name": "502 Bad Gateway",
                    "path": "::502 Bad Gateway"
                },
                "503 Service Unavailable": {
                    "fails": 15000,
                    "name": "503 Service Unavailable",
                    "path": "::503 Service Unavailable",
                    "id": "f1ea1a22be0dc738c385523a66ea1cd9",
                    "passes": 0
                },
                "504 Gateway Timeout": {
                    "name": "504 Gateway Timeout",
                    "path": "::504 Gateway Timeout",
                    "id": "218efb729cb654723ccd57c6ebbebe29",
                    "passes": 0,
                    "fails": 15000
                }
            }
    }
}