{
    "metrics": {
        "http_req_sending": {
            "avg": 1.0468,
            "min": 1.0468,
            "med": 1.0468,
            "max": 1.0468,
            "p(90)": 1.0468,
            "p(95)": 1.0468
        },
        "http_req_duration": {
            "avg": 184.8747,
            "min": 184.8747,
            "med": 184.8747,
            "max": 184.8747,
            "p(90)": 184.8747,
            "p(95)": 184.8747
        },
        "http_req_receiving": {
            "p(95)": 0.2521,
            "avg": 0.2521,
            "min": 0.2521,
            "med": 0.2521,
            "max": 0.2521,
            "p(90)": 0.2521
        },
        "http_req_duration{expected_response:true}": {
            "avg": 184.8747,
            "min": 184.8747,
            "med": 184.8747,
            "max": 184.8747,
            "p(90)": 184.8747,
            "p(95)": 184.8747
        },
        "vus_max": {
            "value": 1,
            "min": 1,
            "max": 1
        },
        "http_reqs": {
            "rate": 0.8136554823211378,
            "count": 1
        },
        "checks": {
            "passes": 1,
            "fails": 11,
            "value": 0.08333333333333333
        },
        "iteration_duration": {
            "min": 1229.0214,
            "med": 1229.0214,
            "max": 1229.0214,
            "p(90)": 1229.0214,
            "p(95)": 1229.0214,
            "avg": 1229.0214
        },
        "iterations": {
            "count": 1,
            "rate": 0.8136554823211378
        },
        "vus": {
            "value": 1,
            "min": 1,
            "max": 1
        },
        "data_sent": {
            "count": 4305,
            "rate": 3502.786851392498
        },
        "data_received": {
            "count": 7320,
            "rate": 5955.958130590729
        },
        "http_req_blocked": {
            "p(95)": 38.0378,
            "avg": 38.0378,
            "min": 38.0378,
            "med": 38.0378,
            "max": 38.0378,
            "p(90)": 38.0378
        },
        "http_req_waiting": {
            "avg": 183.5758,
            "min": 183.5758,
            "med": 183.5758,
            "max": 183.5758,
            "p(90)": 183.5758,
            "p(95)": 183.5758
        },
        "http_req_failed": {
            "fails": 1,
            "passes": 0,
            "value": 0
        },
        "http_req_connecting": {
            "p(95)": 14.2039,
            "avg": 14.2039,
            "min": 14.2039,
            "med": 14.2039,
            "max": 14.2039,
            "p(90)": 14.2039
        },
        "http_req_tls_handshaking": {
            "max": 11.3625,
            "p(90)": 11.3625,
            "p(95)": 11.3625,
            "avg": 11.3625,
            "min": 11.3625,
            "med": 11.3625
        }
    },
    "root_group": {
        "id": "d41d8cd98f00b204e9800998ecf8427e",
        "groups": {},
        "checks": {
                "200 OK": {
                    "id": "e9654c443eff553da9e69eda7007924e",
                    "passes": 1,
                    "fails": 0,
                    "name": "200 OK",
                    "path": "::200 OK"
                },
                "201 Created": {
                    "passes": 0,
                    "fails": 1,
                    "name": "201 Created",
                    "path": "::201 Created",
                    "id": "728dcd977aae263ca314731145e1d447"
                },
                "204 No Content": {
                    "fails": 1,
                    "name": "204 No Content",
                    "path": "::204 No Content",
                    "id": "54fa3c2eda34e1622fda2da5e0479fc5",
                    "passes": 0
                },
                "400 Bad Request": {
                    "name": "400 Bad Request",
                    "path": "::400 Bad Request",
                    "id": "eeae81934b9b58bccaf0184a6d070338",
                    "passes": 0,
                    "fails": 1
                },
                "401 Unauthorized": {
                    "name": "401 Unauthorized",
                    "path": "::401 Unauthorized",
                    "id": "6ae9254e6aefe7f0bafe5102fa7e20a5",
                    "passes": 0,
                    "fails": 1
                },
                "403 Forbidden": {
                    "id": "655548b761742c5a7ad15aa7df3a5d9c",
                    "passes": 0,
                    "fails": 1,
                    "name": "403 Forbidden",
                    "path": "::403 Forbidden"
                },
                "404 Not Found": {
                    "passes": 0,
                    "fails": 1,
                    "name": "404 Not Found",
                    "path": "::404 Not Found",
                    "id": "df1528f9925ca236bac51008f77b774a"
                },
                "429 Too Many Requests": {
                    "passes": 0,
                    "fails": 1,
                    "name": "429 Too Many Requests",
                    "path": "::429 Too Many Requests",
                    "id": "b810c35b9499cc7342fd415032e3a6aa"
                },
                "500 Internal Server Error": {
                    "name": "500 Internal Server Error",
                    "path": "::500 Internal Server Error",
                    "id": "3cd96245b24e869810efe46d533b0eef",
                    "passes": 0,
                    "fails": 1
                },
                "502 Bad Gateway": {
                    "name": "502 Bad Gateway",
                    "path": "::502 Bad Gateway",
                    "id": "712cb0ec189a11f31f0d6d0c0031b569",
                    "passes": 0,
                    "fails": 1
                },
                "503 Service Unavailable": {
                    "fails": 1,
                    "name": "503 Service Unavailable",
                    "path": "::503 Service Unavailable",
                    "id": "f1ea1a22be0dc738c385523a66ea1cd9",
                    "passes": 0
                },
                "504 Gateway Timeout": {
                    "id": "218efb729cb654723ccd57c6ebbebe29",
                    "passes": 0,
                    "fails": 1,
                    "name": "504 Gateway Timeout",
                    "path": "::504 Gateway Timeout"
                }
            },
        "name": "",
        "path": ""
    }
}